date,activity_id,activity_type,minute,avg_hr_weighted,seconds_covered
2026-07-25,23730840726,walking,2026-07-25 13:59,82.4,21.0
2026-07-25,23730840726,walking,2026-07-25 14:00,86.8,60.0
2026-07-25,23730840726,walking,2026-07-25 14:01,85.7,60.0
2026-07-25,23730840726,walking,2026-07-25 14:02,86.3,60.0
2026-07-25,23730840726,walking,2026-07-25 14:03,106.1,60.0
2026-07-25,23730840726,walking,2026-07-25 14:04,126.8,60.0
2026-07-25,23730840726,walking,2026-07-25 14:05,145.4,60.0
2026-07-25,23730840726,walking,2026-07-25 14:06,148.1,60.0
2026-07-25,23730840726,walking,2026-07-25 14:07,135.4,60.0
2026-07-25,23730840726,walking,2026-07-25 14:08,113.0,60.0
2026-07-25,23730840726,walking,2026-07-25 14:09,104.3,60.0
2026-07-25,23730840726,walking,2026-07-25 14:10,101.6,60.0
2026-07-25,23730840726,walking,2026-07-25 14:11,111.4,60.0
2026-07-25,23730840726,walking,2026-07-25 14:12,140.8,60.0
2026-07-25,23730840726,walking,2026-07-25 14:13,149.6,60.0
2026-07-25,23730840726,walking,2026-07-25 14:14,155.2,60.0
2026-07-25,23730840726,walking,2026-07-25 14:15,139.8,60.0
2026-07-25,23730840726,walking,2026-07-25 14:16,116.7,60.0
2026-07-25,23730840726,walking,2026-07-25 14:17,108.9,60.0
2026-07-25,23730840726,walking,2026-07-25 14:18,102.4,60.0
2026-07-25,23730840726,walking,2026-07-25 14:19,120.0,60.0
2026-07-25,23730840726,walking,2026-07-25 14:20,145.3,60.0
2026-07-25,23730840726,walking,2026-07-25 14:21,154.0,60.0
2026-07-25,23730840726,walking,2026-07-25 14:22,158.1,60.0
2026-07-25,23730840726,walking,2026-07-25 14:23,142.3,60.0
2026-07-25,23730840726,walking,2026-07-25 14:24,121.4,60.0
2026-07-25,23730840726,walking,2026-07-25 14:25,110.8,60.0
2026-07-25,23730840726,walking,2026-07-25 14:26,107.5,60.0
2026-07-25,23730840726,walking,2026-07-25 14:27,118.9,60.0
2026-07-25,23730840726,walking,2026-07-25 14:28,151.4,60.0
2026-07-25,23730840726,walking,2026-07-25 14:29,156.3,60.0
2026-07-25,23730840726,walking,2026-07-25 14:30,153.0,57.0
2026-07-26,23743325623,walking,2026-07-26 15:21,83.9,56.0
2026-07-26,23743325623,walking,2026-07-26 15:22,83.5,60.0
2026-07-26,23743325623,walking,2026-07-26 15:23,82.3,60.0
2026-07-26,23743325623,walking,2026-07-26 15:24,85.3,60.0
2026-07-26,23743325623,walking,2026-07-26 15:25,90.6,60.0
2026-07-26,23743325623,walking,2026-07-26 15:26,88.7,60.0
2026-07-26,23743325623,walking,2026-07-26 15:27,87.8,60.0
2026-07-26,23743325623,walking,2026-07-26 15:28,88.0,60.0
2026-07-26,23743325623,walking,2026-07-26 15:29,86.0,60.0
2026-07-26,23743325623,walking,2026-07-26 15:30,87.2,60.0
2026-07-26,23743325623,walking,2026-07-26 15:31,87.1,60.0
2026-07-26,23743325623,walking,2026-07-26 15:32,88.4,60.0
2026-07-26,23743325623,walking,2026-07-26 15:33,90.0,60.0
2026-07-26,23743325623,walking,2026-07-26 15:34,89.7,60.0
2026-07-26,23743325623,walking,2026-07-26 15:35,89.0,60.0
2026-07-26,23743325623,walking,2026-07-26 15:36,89.8,60.0
2026-07-26,23743325623,walking,2026-07-26 15:37,90.1,60.0
2026-07-26,23743325623,walking,2026-07-26 15:38,91.2,60.0
2026-07-26,23743325623,walking,2026-07-26 15:39,91.8,15.0
2026-07-28,23763581619,walking,2026-07-28 09:43,69.6,8.0
2026-07-28,23763581619,walking,2026-07-28 09:44,66.2,60.0
2026-07-28,23763581619,walking,2026-07-28 09:45,72.5,60.0
2026-07-28,23763581619,walking,2026-07-28 09:46,81.7,60.0
2026-07-28,23763581619,walking,2026-07-28 09:47,87.4,60.0
2026-07-28,23763581619,walking,2026-07-28 09:48,85.0,60.0
2026-07-28,23763581619,walking,2026-07-28 09:49,88.5,60.0
2026-07-28,23763581619,walking,2026-07-28 09:50,86.2,60.0
2026-07-28,23763581619,walking,2026-07-28 09:51,89.0,60.0
2026-07-28,23763581619,walking,2026-07-28 09:52,87.8,60.0
2026-07-28,23763581619,walking,2026-07-28 09:53,87.5,60.0
2026-07-28,23763581619,walking,2026-07-28 09:54,87.6,60.0
2026-07-28,23763581619,walking,2026-07-28 09:55,86.1,60.0
2026-07-28,23763581619,walking,2026-07-28 09:56,87.4,60.0
2026-07-28,23763581619,walking,2026-07-28 09:57,95.3,60.0
2026-07-28,23763581619,walking,2026-07-28 09:58,90.2,60.0
2026-07-28,23763581619,walking,2026-07-28 09:59,86.7,60.0
2026-07-28,23763581619,walking,2026-07-28 10:00,87.5,60.0
2026-07-28,23763581619,walking,2026-07-28 10:01,89.8,60.0
2026-07-28,23763581619,walking,2026-07-28 10:02,90.3,60.0
2026-07-28,23763581619,walking,2026-07-28 10:03,105.7,60.0
2026-07-28,23763581619,walking,2026-07-28 10:04,95.6,29.0
2026-07-30,23794066632,walking,2026-07-30 17:44,79.0,20.0
2026-07-30,23794066632,walking,2026-07-30 17:45,84.1,60.0
2026-07-30,23794066632,walking,2026-07-30 17:46,84.4,60.0
2026-07-30,23794066632,walking,2026-07-30 17:47,85.5,60.0
2026-07-30,23794066632,walking,2026-07-30 17:48,89.2,60.0
2026-07-30,23794066632,walking,2026-07-30 17:49,87.5,53.0
2026-07-30,23794066632,walking,2026-07-30 17:50,88.7,60.0
2026-07-30,23794066632,walking,2026-07-30 17:51,89.2,60.0
2026-07-30,23794066632,walking,2026-07-30 17:52,89.9,60.0
2026-07-30,23794066632,walking,2026-07-30 17:53,92.2,60.0
2026-07-30,23794066632,walking,2026-07-30 17:54,91.7,48.0
2026-07-30,23794066632,walking,2026-07-30 17:55,93.8,60.0
2026-07-30,23794066632,walking,2026-07-30 17:56,96.3,60.0
2026-07-30,23794066632,walking,2026-07-30 17:57,96.1,60.0
2026-07-30,23794066632,walking,2026-07-30 17:58,96.4,60.0
2026-07-30,23794066632,walking,2026-07-30 17:59,96.2,46.0
2026-07-30,23794066632,walking,2026-07-30 18:00,99.1,60.0
2026-07-30,23794066632,walking,2026-07-30 18:01,102.0,60.0
2026-07-30,23794066632,walking,2026-07-30 18:02,101.7,60.0
2026-07-30,23794066632,walking,2026-07-30 18:03,102.3,56.0
2026-07-30,23794066632,walking,2026-07-30 18:04,99.4,57.0
2026-07-30,23794066632,walking,2026-07-30 18:05,91.0,59.0
2026-07-30,23794066632,walking,2026-07-30 18:06,88.8,60.0
2026-07-30,23794066632,walking,2026-07-30 18:07,92.0,60.0
2026-07-30,23794066632,walking,2026-07-30 18:08,89.7,60.0
2026-07-30,23794066632,walking,2026-07-30 18:09,100.9,14.0
2026-07-31,23802235492,walking,2026-07-31 11:16,78.6,40.0
2026-07-31,23802235492,walking,2026-07-31 11:17,80.3,60.0
2026-07-31,23802235492,walking,2026-07-31 11:18,80.8,49.0
2026-07-31,23802235492,walking,2026-07-31 11:20,97.4,59.0
2026-07-31,23802235492,walking,2026-07-31 11:21,124.9,60.0
2026-07-31,23802235492,walking,2026-07-31 11:22,136.1,60.0
2026-07-31,23802235492,walking,2026-07-31 11:23,134.6,60.0
2026-07-31,23802235492,walking,2026-07-31 11:24,112.9,60.0
2026-07-31,23802235492,walking,2026-07-31 11:25,99.9,60.0
2026-07-31,23802235492,walking,2026-07-31 11:26,96.8,60.0
2026-07-31,23802235492,walking,2026-07-31 11:27,95.5,60.0
2026-07-31,23802235492,walking,2026-07-31 11:28,112.0,60.0
2026-07-31,23802235492,walking,2026-07-31 11:29,137.9,60.0
2026-07-31,23802235492,walking,2026-07-31 11:30,149.2,60.0
2026-07-31,23802235492,walking,2026-07-31 11:31,150.4,60.0
2026-07-31,23802235492,walking,2026-07-31 11:32,127.2,60.0
2026-07-31,23802235492,walking,2026-07-31 11:33,110.2,60.0
2026-07-31,23802235492,walking,2026-07-31 11:34,103.7,60.0
2026-07-31,23802235492,walking,2026-07-31 11:35,100.0,60.0
2026-07-31,23802235492,walking,2026-07-31 11:36,115.6,60.0
2026-07-31,23802235492,walking,2026-07-31 11:37,144.2,60.0
2026-07-31,23802235492,walking,2026-07-31 11:38,153.3,60.0
2026-07-31,23802235492,walking,2026-07-31 11:39,154.7,60.0
2026-07-31,23802235492,walking,2026-07-31 11:40,133.7,60.0
2026-07-31,23802235492,walking,2026-07-31 11:41,115.1,60.0
2026-07-31,23802235492,walking,2026-07-31 11:42,107.9,60.0
2026-07-31,23802235492,walking,2026-07-31 11:43,105.3,60.0
2026-07-31,23802235492,walking,2026-07-31 11:44,122.0,60.0
2026-07-31,23802235492,walking,2026-07-31 11:45,147.5,60.0
2026-07-31,23802235492,walking,2026-07-31 11:46,154.3,60.0
2026-07-31,23802235492,walking,2026-07-31 11:47,127.8,60.0
2026-07-31,23802235492,walking,2026-07-31 11:48,111.7,60.0
2026-07-31,23802235492,walking,2026-07-31 11:49,105.6,60.0
2026-07-31,23802235492,walking,2026-07-31 11:50,101.9,12.0
2026-08-02,23829041007,indoor_cardio,2026-08-02 15:47,91.6,27.0
2026-08-02,23829041007,indoor_cardio,2026-08-02 15:48,125.6,60.0
2026-08-02,23829041007,indoor_cardio,2026-08-02 15:49,147.7,60.0
2026-08-02,23829041007,indoor_cardio,2026-08-02 15:50,180.7,60.0
2026-08-02,23829041007,indoor_cardio,2026-08-02 15:51,183.4,60.0
2026-08-02,23829041007,indoor_cardio,2026-08-02 15:52,175.1,60.0
2026-08-02,23829041007,indoor_cardio,2026-08-02 15:53,157.1,60.0
2026-08-02,23829041007,indoor_cardio,2026-08-02 15:54,144.6,36.0
2026-08-02,23829610466,walking,2026-08-02 16:55,89.0,8.0
2026-08-02,23829610466,walking,2026-08-02 16:56,86.0,60.0
2026-08-02,23829610466,walking,2026-08-02 16:57,88.6,60.0
2026-08-02,23829610466,walking,2026-08-02 16:58,90.0,60.0
2026-08-02,23829610466,walking,2026-08-02 16:59,90.7,60.0
2026-08-02,23829610466,walking,2026-08-02 17:00,114.3,60.0
2026-08-02,23829610466,walking,2026-08-02 17:01,135.5,60.0
2026-08-02,23829610466,walking,2026-08-02 17:02,145.2,60.0
2026-08-02,23829610466,walking,2026-08-02 17:03,144.7,60.0
2026-08-02,23829610466,walking,2026-08-02 17:04,125.1,60.0
2026-08-02,23829610466,walking,2026-08-02 17:05,108.5,60.0
2026-08-02,23829610466,walking,2026-08-02 17:06,102.8,60.0
2026-08-02,23829610466,walking,2026-08-02 17:07,99.9,60.0
2026-08-02,23829610466,walking,2026-08-02 17:08,98.0,60.0
2026-08-02,23829610466,walking,2026-08-02 17:09,97.1,60.0
2026-08-02,23829610466,walking,2026-08-02 17:10,111.8,60.0
2026-08-02,23829610466,walking,2026-08-02 17:11,140.6,60.0
2026-08-02,23829610466,walking,2026-08-02 17:12,148.0,60.0
2026-08-02,23829610466,walking,2026-08-02 17:13,149.8,60.0
2026-08-02,23829610466,walking,2026-08-02 17:14,132.2,60.0
2026-08-02,23829610466,walking,2026-08-02 17:15,113.8,60.0
2026-08-02,23829610466,walking,2026-08-02 17:16,105.4,60.0
2026-08-02,23829610466,walking,2026-08-02 17:17,102.0,60.0
2026-08-02,23829610466,walking,2026-08-02 17:18,97.5,60.0
2026-08-02,23829610466,walking,2026-08-02 17:19,96.5,60.0
2026-08-02,23829610466,walking,2026-08-02 17:20,98.1,36.0
2026-08-03,23843393090,walking,2026-08-03 22:12,89.1,17.0
2026-08-03,23843393090,walking,2026-08-03 22:13,86.7,60.0
2026-08-03,23843393090,walking,2026-08-03 22:14,88.1,60.0
2026-08-03,23843393090,walking,2026-08-03 22:15,85.4,60.0
2026-08-03,23843393090,walking,2026-08-03 22:16,91.2,60.0
2026-08-03,23843393090,walking,2026-08-03 22:17,89.8,60.0
2026-08-03,23843393090,walking,2026-08-03 22:18,90.7,60.0
2026-08-03,23843393090,walking,2026-08-03 22:19,94.7,60.0
2026-08-03,23843393090,walking,2026-08-03 22:20,92.2,60.0
2026-08-03,23843393090,walking,2026-08-03 22:21,90.3,60.0
2026-08-03,23843393090,walking,2026-08-03 22:22,93.0,60.0
2026-08-03,23843393090,walking,2026-08-03 22:23,91.7,60.0
2026-08-03,23843393090,walking,2026-08-03 22:24,89.5,60.0
2026-08-03,23843393090,walking,2026-08-03 22:25,90.6,60.0
2026-08-03,23843393090,walking,2026-08-03 22:26,95.8,60.0
2026-08-03,23843393090,walking,2026-08-03 22:27,94.9,60.0
2026-08-03,23843393090,walking,2026-08-03 22:28,90.5,60.0
2026-08-03,23843393090,walking,2026-08-03 22:29,91.2,60.0
2026-08-03,23843393090,walking,2026-08-03 22:30,91.8,60.0
2026-08-03,23843393090,walking,2026-08-03 22:31,94.2,60.0
2026-08-03,23843393090,walking,2026-08-03 22:32,98.0,60.0
2026-08-03,23843393090,walking,2026-08-03 22:33,97.5,60.0
2026-08-03,23843393090,walking,2026-08-03 22:34,92.7,60.0
2026-08-03,23843393090,walking,2026-08-03 22:35,93.5,60.0
2026-08-03,23843393090,walking,2026-08-03 22:36,92.7,60.0
2026-08-03,23843393090,walking,2026-08-03 22:37,90.4,60.0
2026-08-03,23843393090,walking,2026-08-03 22:38,89.7,60.0
2026-08-03,23843393090,walking,2026-08-03 22:39,93.6,60.0
2026-08-03,23843393090,walking,2026-08-03 22:40,91.0,60.0
2026-08-03,23843393090,walking,2026-08-03 22:41,90.4,60.0
2026-08-03,23843393090,walking,2026-08-03 22:42,90.0,60.0
2026-08-03,23843393090,walking,2026-08-03 22:43,90.8,60.0
2026-08-03,23843393090,walking,2026-08-03 22:44,91.3,60.0
2026-08-03,23843393090,walking,2026-08-03 22:45,92.8,60.0
2026-08-03,23843393090,walking,2026-08-03 22:46,93.9,60.0
2026-08-03,23843393090,walking,2026-08-03 22:47,93.0,60.0
2026-08-03,23843393090,walking,2026-08-03 22:48,93.5,60.0
2026-08-03,23843393090,walking,2026-08-03 22:49,94.0,60.0
2026-08-03,23843393090,walking,2026-08-03 22:50,92.3,60.0
2026-08-03,23843393090,walking,2026-08-03 22:51,91.8,60.0
2026-08-03,23843393090,walking,2026-08-03 22:52,92.0,60.0
2026-08-03,23843393090,walking,2026-08-03 22:53,96.0,60.0
2026-08-03,23843393090,walking,2026-08-03 22:54,93.2,60.0
2026-08-03,23843393090,walking,2026-08-03 22:55,94.1,60.0
2026-08-03,23843393090,walking,2026-08-03 22:56,92.8,60.0
2026-08-03,23843393090,walking,2026-08-03 22:57,94.7,60.0
2026-08-03,23843393090,walking,2026-08-03 22:58,92.7,60.0
2026-08-03,23843393090,walking,2026-08-03 22:59,92.0,60.0
2026-08-03,23843393090,walking,2026-08-03 23:00,90.6,60.0
2026-08-03,23843393090,walking,2026-08-03 23:01,88.8,60.0
2026-08-03,23843393090,walking,2026-08-03 23:02,89.7,60.0
2026-08-03,23843393090,walking,2026-08-03 23:03,89.1,60.0
2026-08-03,23843393090,walking,2026-08-03 23:04,90.7,60.0
2026-08-03,23843393090,walking,2026-08-03 23:05,105.0,60.0
2026-08-03,23843393090,walking,2026-08-03 23:06,93.6,60.0
2026-08-03,23843393090,walking,2026-08-03 23:07,88.8,60.0
2026-08-03,23843393090,walking,2026-08-03 23:08,89.8,60.0
2026-08-03,23843393090,walking,2026-08-03 23:09,92.5,24.0
2026-08-04,23851312429,walking,2026-08-04 11:16,77.4,52.0
2026-08-04,23851312429,walking,2026-08-04 11:17,86.7,60.0
2026-08-04,23851312429,walking,2026-08-04 11:18,88.9,60.0
2026-08-04,23851312429,walking,2026-08-04 11:19,89.3,60.0
2026-08-04,23851312429,walking,2026-08-04 11:20,90.0,60.0
2026-08-04,23851312429,walking,2026-08-04 11:21,88.8,60.0
2026-08-04,23851312429,walking,2026-08-04 11:22,90.4,60.0
2026-08-04,23851312429,walking,2026-08-04 11:23,92.3,60.0
2026-08-04,23851312429,walking,2026-08-04 11:24,91.4,60.0
2026-08-04,23851312429,walking,2026-08-04 11:25,96.6,60.0
2026-08-04,23851312429,walking,2026-08-04 11:26,98.9,60.0
2026-08-04,23851312429,walking,2026-08-04 11:27,92.7,60.0
2026-08-04,23851312429,walking,2026-08-04 11:28,91.0,60.0
2026-08-04,23851312429,walking,2026-08-04 11:29,92.2,60.0
2026-08-04,23851312429,walking,2026-08-04 11:30,94.0,53.0
2026-08-04,23851312429,walking,2026-08-04 11:37,90.6,45.0
2026-08-04,23851312429,walking,2026-08-04 11:38,91.8,60.0
2026-08-04,23851312429,walking,2026-08-04 11:39,92.2,60.0
2026-08-04,23851312429,walking,2026-08-04 11:40,92.6,60.0
2026-08-04,23851312429,walking,2026-08-04 11:41,93.7,60.0
2026-08-04,23851312429,walking,2026-08-04 11:42,94.5,60.0
2026-08-04,23851312429,walking,2026-08-04 11:43,94.5,60.0
2026-08-04,23851312429,walking,2026-08-04 11:46,96.8,6.0
2026-08-04,23851312429,walking,2026-08-04 11:47,98.2,60.0
2026-08-04,23851312429,walking,2026-08-04 11:48,99.6,60.0
2026-08-04,23851312429,walking,2026-08-04 11:49,97.5,60.0
2026-08-04,23851312429,walking,2026-08-04 11:50,98.8,60.0
2026-08-04,23851312429,walking,2026-08-04 11:51,97.2,60.0
2026-08-04,23851312429,walking,2026-08-04 11:52,94.9,60.0
2026-08-04,23851312429,walking,2026-08-04 11:53,99.0,60.0
2026-08-04,23851312429,walking,2026-08-04 11:54,96.0,60.0
2026-08-04,23851312429,walking,2026-08-04 11:55,97.4,60.0
2026-08-04,23851312429,walking,2026-08-04 11:56,101.0,60.0
2026-08-04,23851312429,walking,2026-08-04 11:57,101.1,60.0
2026-08-04,23851312429,walking,2026-08-04 11:58,94.5,60.0
2026-08-04,23851312429,walking,2026-08-04 11:59,93.9,37.0
2026-08-04,23851312429,walking,2026-08-04 12:07,102.3,9.0
2026-08-04,23851312429,walking,2026-08-04 12:08,99.2,60.0
2026-08-04,23851312429,walking,2026-08-04 12:09,97.3,60.0
2026-08-04,23851312429,walking,2026-08-04 12:10,99.3,60.0
2026-08-04,23851312429,walking,2026-08-04 12:11,95.3,60.0
2026-08-04,23851312429,walking,2026-08-04 12:12,96.8,60.0
2026-08-04,23851312429,walking,2026-08-04 12:13,97.7,60.0
2026-08-04,23851312429,walking,2026-08-04 12:14,97.6,60.0
2026-08-04,23851312429,walking,2026-08-04 12:15,100.2,60.0
2026-08-04,23851312429,walking,2026-08-04 12:16,102.0,29.0
2026-08-04,23851312429,walking,2026-08-04 12:28,97.8,33.0
2026-08-04,23851312429,walking,2026-08-04 12:29,99.1,60.0
2026-08-04,23851312429,walking,2026-08-04 12:30,96.3,60.0
2026-08-04,23851312429,walking,2026-08-04 12:31,103.9,60.0
2026-08-04,23851312429,walking,2026-08-04 12:32,99.8,60.0
2026-08-04,23851312429,walking,2026-08-04 12:33,95.4,60.0
2026-08-04,23851312429,walking,2026-08-04 12:34,100.9,60.0
2026-08-04,23851312429,walking,2026-08-04 12:35,113.1,60.0
2026-08-04,23851312429,walking,2026-08-04 12:36,104.2,57.0
2026-08-04,23854320649,walking,2026-08-04 15:39,86.8,44.0
2026-08-04,23854320649,walking,2026-08-04 15:40,90.2,18.0
2026-08-04,23856401509,walking,2026-08-04 20:52,90.2,17.0
2026-08-04,23856401509,walking,2026-08-04 20:53,94.0,60.0
2026-08-04,23856401509,walking,2026-08-04 20:54,96.1,60.0
2026-08-04,23856401509,walking,2026-08-04 20:55,97.5,60.0
2026-08-04,23856401509,walking,2026-08-04 20:56,101.2,60.0
2026-08-04,23856401509,walking,2026-08-04 20:57,105.5,60.0
2026-08-04,23856401509,walking,2026-08-04 20:58,104.6,60.0
2026-08-04,23856401509,walking,2026-08-04 20:59,121.7,60.0
2026-08-04,23856401509,walking,2026-08-04 21:00,130.7,60.0
2026-08-04,23856401509,walking,2026-08-04 21:01,132.7,60.0
2026-08-04,23856401509,walking,2026-08-04 21:02,136.1,60.0
2026-08-04,23856401509,walking,2026-08-04 21:03,136.5,60.0
2026-08-04,23856401509,walking,2026-08-04 21:04,123.2,60.0
2026-08-04,23856401509,walking,2026-08-04 21:05,110.1,60.0
2026-08-04,23856401509,walking,2026-08-04 21:06,108.5,60.0
2026-08-04,23856401509,walking,2026-08-04 21:07,108.2,60.0
2026-08-04,23856401509,walking,2026-08-04 21:08,105.5,60.0
2026-08-04,23856401509,walking,2026-08-04 21:09,106.6,60.0
2026-08-04,23856401509,walking,2026-08-04 21:10,104.5,60.0
2026-08-04,23856401509,walking,2026-08-04 21:11,104.3,60.0
2026-08-04,23856401509,walking,2026-08-04 21:12,106.7,60.0
2026-08-04,23856401509,walking,2026-08-04 21:13,106.8,60.0
2026-08-04,23856401509,walking,2026-08-04 21:14,106.2,60.0
2026-08-04,23856401509,walking,2026-08-04 21:15,106.6,60.0
2026-08-04,23856401509,walking,2026-08-04 21:16,104.0,33.0
2026-08-04,23856401509,walking,2026-08-04 21:21,101.4,50.0
2026-08-04,23856401509,walking,2026-08-04 21:22,105.0,60.0
2026-08-04,23856401509,walking,2026-08-04 21:23,107.2,60.0
2026-08-04,23856401509,walking,2026-08-04 21:24,109.4,60.0
2026-08-04,23856401509,walking,2026-08-04 21:25,108.1,60.0
2026-08-04,23856401509,walking,2026-08-04 21:26,107.8,60.0
2026-08-04,23856401509,walking,2026-08-04 21:27,108.3,60.0
2026-08-04,23856401509,walking,2026-08-04 21:28,105.0,60.0
2026-08-04,23856401509,walking,2026-08-04 21:29,104.0,60.0
2026-08-04,23856401509,walking,2026-08-04 21:30,106.0,60.0
2026-08-04,23856401509,walking,2026-08-04 21:31,107.7,60.0
2026-08-04,23856401509,walking,2026-08-04 21:32,107.2,60.0
2026-08-04,23856401509,walking,2026-08-04 21:33,107.2,60.0
2026-08-04,23856401509,walking,2026-08-04 21:34,109.6,60.0
2026-08-04,23856401509,walking,2026-08-04 21:35,114.8,60.0
2026-08-04,23856401509,walking,2026-08-04 21:36,122.7,60.0
2026-08-04,23856401509,walking,2026-08-04 21:37,107.5,60.0
2026-08-04,23856401509,walking,2026-08-04 21:38,102.8,60.0
2026-08-04,23856401509,walking,2026-08-04 21:39,101.4,60.0
2026-08-04,23856401509,walking,2026-08-04 21:40,99.9,21.0
2026-08-05,23867475861,elliptical,2026-08-05 16:35,97.4,35.0
2026-08-05,23867475861,elliptical,2026-08-05 16:36,124.5,60.0
2026-08-05,23867475861,elliptical,2026-08-05 16:37,153.7,60.0
2026-08-05,23867475861,elliptical,2026-08-05 16:38,126.7,60.0
2026-08-05,23867475861,elliptical,2026-08-05 16:39,126.4,60.0
2026-08-05,23867475861,elliptical,2026-08-05 16:40,125.0,60.0
2026-08-05,23867475861,elliptical,2026-08-05 16:41,123.3,60.0
2026-08-05,23867475861,elliptical,2026-08-05 16:42,105.2,60.0
2026-08-05,23867475861,elliptical,2026-08-05 16:43,100.3,60.0
2026-08-05,23867475861,elliptical,2026-08-05 16:44,96.0,60.0
2026-08-05,23867475861,elliptical,2026-08-05 16:45,97.1,60.0
2026-08-05,23867475861,elliptical,2026-08-05 16:46,101.4,60.0
2026-08-05,23867475861,elliptical,2026-08-05 16:47,100.6,60.0
2026-08-05,23867475861,elliptical,2026-08-05 16:48,100.8,60.0
2026-08-05,23867475861,elliptical,2026-08-05 16:49,101.8,60.0
2026-08-05,23867475861,elliptical,2026-08-05 16:50,105.1,60.0
2026-08-05,23867475861,elliptical,2026-08-05 16:51,103.5,60.0
2026-08-05,23867475861,elliptical,2026-08-05 16:52,104.4,60.0
2026-08-05,23867475861,elliptical,2026-08-05 16:53,104.3,60.0
2026-08-05,23867475861,elliptical,2026-08-05 16:54,105.9,60.0
2026-08-05,23867475861,elliptical,2026-08-05 16:55,105.8,60.0
2026-08-05,23867475861,elliptical,2026-08-05 16:56,107.3,60.0
2026-08-05,23867475861,elliptical,2026-08-05 16:57,107.6,60.0
2026-08-05,23867475861,elliptical,2026-08-05 16:58,104.7,60.0
2026-08-05,23867475861,elliptical,2026-08-05 16:59,103.6,60.0
2026-08-05,23867475861,elliptical,2026-08-05 17:00,105.5,42.0
2026-08-05,23869209428,walking,2026-08-05 20:43,88.2,8.0
2026-08-05,23869209428,walking,2026-08-05 20:44,92.3,60.0
2026-08-05,23869209428,walking,2026-08-05 20:45,93.6,60.0
2026-08-05,23869209428,walking,2026-08-05 20:46,93.3,60.0
2026-08-05,23869209428,walking,2026-08-05 20:47,98.1,60.0
2026-08-05,23869209428,walking,2026-08-05 20:48,97.0,60.0
2026-08-05,23869209428,walking,2026-08-05 20:49,95.5,60.0
2026-08-05,23869209428,walking,2026-08-05 20:50,98.1,60.0
2026-08-05,23869209428,walking,2026-08-05 20:51,95.8,60.0
2026-08-05,23869209428,walking,2026-08-05 20:52,97.3,60.0
2026-08-05,23869209428,walking,2026-08-05 20:53,96.1,60.0
2026-08-05,23869209428,walking,2026-08-05 20:54,95.0,60.0
2026-08-05,23869209428,walking,2026-08-05 20:55,95.3,60.0
2026-08-05,23869209428,walking,2026-08-05 20:56,94.3,60.0
2026-08-05,23869209428,walking,2026-08-05 20:57,94.8,60.0
2026-08-05,23869209428,walking,2026-08-05 20:58,95.2,60.0
2026-08-05,23869209428,walking,2026-08-05 20:59,98.4,60.0
2026-08-05,23869209428,walking,2026-08-05 21:00,96.7,60.0
2026-08-05,23869209428,walking,2026-08-05 21:01,98.8,60.0
2026-08-05,23869209428,walking,2026-08-05 21:02,95.8,60.0
2026-08-05,23869209428,walking,2026-08-05 21:03,94.4,60.0
2026-08-05,23869209428,walking,2026-08-05 21:04,96.2,60.0
2026-08-05,23869209428,walking,2026-08-05 21:05,100.1,53.0
2026-08-05,23869209428,walking,2026-08-05 21:09,99.9,42.0
2026-08-05,23869209428,walking,2026-08-05 21:10,97.0,60.0
2026-08-05,23869209428,walking,2026-08-05 21:11,97.7,60.0
2026-08-05,23869209428,walking,2026-08-05 21:12,97.6,60.0
2026-08-05,23869209428,walking,2026-08-05 21:13,96.2,60.0
2026-08-05,23869209428,walking,2026-08-05 21:14,95.7,60.0
2026-08-05,23869209428,walking,2026-08-05 21:15,96.2,60.0
2026-08-05,23869209428,walking,2026-08-05 21:16,97.4,60.0
2026-08-05,23869209428,walking,2026-08-05 21:17,97.7,60.0
2026-08-05,23869209428,walking,2026-08-05 21:18,100.1,60.0
2026-08-05,23869209428,walking,2026-08-05 21:19,98.5,60.0
2026-08-05,23869209428,walking,2026-08-05 21:20,99.4,60.0
2026-08-05,23869209428,walking,2026-08-05 21:21,100.2,60.0
2026-08-05,23869209428,walking,2026-08-05 21:22,99.1,60.0
2026-08-05,23869209428,walking,2026-08-05 21:23,100.0,60.0
2026-08-05,23869209428,walking,2026-08-05 21:24,106.9,60.0
2026-08-05,23869209428,walking,2026-08-05 21:25,112.4,60.0
2026-08-05,23869209428,walking,2026-08-05 21:26,97.8,55.0
2026-08-06,23882010483,walking,2026-08-06 22:01,88.0,26.0
2026-08-06,23882010483,walking,2026-08-06 22:02,85.3,60.0
2026-08-06,23882010483,walking,2026-08-06 22:03,87.3,60.0
2026-08-06,23882010483,walking,2026-08-06 22:04,87.6,60.0
2026-08-06,23882010483,walking,2026-08-06 22:05,88.5,60.0
2026-08-06,23882010483,walking,2026-08-06 22:06,90.9,60.0
2026-08-06,23882010483,walking,2026-08-06 22:07,90.7,60.0
2026-08-06,23882010483,walking,2026-08-06 22:08,89.6,60.0
2026-08-06,23882010483,walking,2026-08-06 22:09,89.4,60.0
2026-08-06,23882010483,walking,2026-08-06 22:10,90.0,60.0
2026-08-06,23882010483,walking,2026-08-06 22:11,89.7,60.0
2026-08-06,23882010483,walking,2026-08-06 22:12,91.2,60.0
2026-08-06,23882010483,walking,2026-08-06 22:13,95.9,60.0
2026-08-06,23882010483,walking,2026-08-06 22:14,91.3,60.0
2026-08-06,23882010483,walking,2026-08-06 22:15,94.0,60.0
2026-08-06,23882010483,walking,2026-08-06 22:16,93.6,60.0
2026-08-06,23882010483,walking,2026-08-06 22:17,91.0,60.0
2026-08-06,23882010483,walking,2026-08-06 22:18,91.1,60.0
2026-08-06,23882010483,walking,2026-08-06 22:19,90.7,60.0
2026-08-06,23882010483,walking,2026-08-06 22:20,91.5,60.0
2026-08-06,23882010483,walking,2026-08-06 22:21,89.7,60.0
2026-08-06,23882010483,walking,2026-08-06 22:22,91.1,60.0
2026-08-06,23882010483,walking,2026-08-06 22:23,92.7,60.0
2026-08-06,23882010483,walking,2026-08-06 22:24,92.0,60.0
2026-08-06,23882010483,walking,2026-08-06 22:25,90.5,60.0
2026-08-06,23882010483,walking,2026-08-06 22:26,91.7,60.0
2026-08-06,23882010483,walking,2026-08-06 22:27,90.7,60.0
2026-08-06,23882010483,walking,2026-08-06 22:28,92.9,60.0
2026-08-06,23882010483,walking,2026-08-06 22:29,92.4,60.0
2026-08-06,23882010483,walking,2026-08-06 22:30,90.3,60.0
2026-08-06,23882010483,walking,2026-08-06 22:31,92.2,60.0
2026-08-06,23882010483,walking,2026-08-06 22:32,89.6,60.0
2026-08-06,23882010483,walking,2026-08-06 22:33,92.6,60.0
2026-08-06,23882010483,walking,2026-08-06 22:34,96.6,60.0
2026-08-06,23882010483,walking,2026-08-06 22:35,93.7,60.0
2026-08-06,23882010483,walking,2026-08-06 22:36,86.7,60.0
2026-08-06,23882010483,walking,2026-08-06 22:37,88.9,60.0
2026-08-06,23882010483,walking,2026-08-06 22:38,88.4,60.0
2026-08-06,23882010483,walking,2026-08-06 22:39,88.6,60.0
2026-08-06,23882010483,walking,2026-08-06 22:40,89.2,60.0
2026-08-06,23882010483,walking,2026-08-06 22:41,88.1,60.0
2026-08-06,23882010483,walking,2026-08-06 22:42,87.6,60.0
2026-08-06,23882010483,walking,2026-08-06 22:43,89.5,60.0
2026-08-06,23882010483,walking,2026-08-06 22:44,88.4,60.0
2026-08-06,23882010483,walking,2026-08-06 22:45,87.8,60.0
2026-08-06,23882010483,walking,2026-08-06 22:46,96.0,60.0
2026-08-06,23882010483,walking,2026-08-06 22:47,103.4,60.0
2026-08-06,23882010483,walking,2026-08-06 22:48,91.8,48.0
2026-08-07,23892359300,walking,2026-08-07 18:32,91.7,32.0
2026-08-07,23892359300,walking,2026-08-07 18:33,92.6,60.0
2026-08-07,23892359300,walking,2026-08-07 18:34,92.4,60.0
2026-08-07,23892359300,walking,2026-08-07 18:35,92.1,60.0
2026-08-07,23892359300,walking,2026-08-07 18:36,90.4,60.0
2026-08-07,23892359300,walking,2026-08-07 18:37,91.9,60.0
2026-08-07,23892359300,walking,2026-08-07 18:38,93.0,60.0
2026-08-07,23892359300,walking,2026-08-07 18:39,92.0,60.0
2026-08-07,23892359300,walking,2026-08-07 18:40,96.8,60.0
2026-08-07,23892359300,walking,2026-08-07 18:41,94.9,60.0
2026-08-07,23892359300,walking,2026-08-07 18:42,96.2,60.0
2026-08-07,23892359300,walking,2026-08-07 18:43,96.6,60.0
2026-08-07,23892359300,walking,2026-08-07 18:44,95.9,60.0
2026-08-07,23892359300,walking,2026-08-07 18:45,95.4,60.0
2026-08-07,23892359300,walking,2026-08-07 18:46,96.0,1.0
2026-08-08,23899540352,running,2026-08-08 09:18,83.8,28.0
2026-08-08,23899540352,running,2026-08-08 09:19,101.3,60.0
2026-08-08,23899540352,running,2026-08-08 09:20,113.3,60.0
2026-08-08,23899540352,running,2026-08-08 09:21,118.0,60.0
2026-08-08,23899540352,running,2026-08-08 09:22,121.9,60.0
2026-08-08,23899540352,running,2026-08-08 09:23,121.8,60.0
2026-08-08,23899540352,running,2026-08-08 09:24,136.0,60.0
2026-08-08,23899540352,running,2026-08-08 09:25,146.5,60.0
2026-08-08,23899540352,running,2026-08-08 09:26,149.2,60.0
2026-08-08,23899540352,running,2026-08-08 09:27,146.2,60.0
2026-08-08,23899540352,running,2026-08-08 09:28,142.5,60.0
2026-08-08,23899540352,running,2026-08-08 09:29,146.3,60.0
2026-08-08,23899540352,running,2026-08-08 09:30,157.4,60.0
2026-08-08,23899540352,running,2026-08-08 09:31,130.6,53.0
2026-08-08,23905728620,walking,2026-08-08 21:15,68.6,5.0
2026-08-08,23905728620,walking,2026-08-08 21:16,76.5,60.0
2026-08-08,23905728620,walking,2026-08-08 21:17,78.4,60.0
2026-08-08,23905728620,walking,2026-08-08 21:18,78.4,60.0
2026-08-08,23905728620,walking,2026-08-08 21:19,79.9,60.0
2026-08-08,23905728620,walking,2026-08-08 21:20,82.0,60.0
2026-08-08,23905728620,walking,2026-08-08 21:21,82.1,60.0
2026-08-08,23905728620,walking,2026-08-08 21:22,81.8,60.0
2026-08-08,23905728620,walking,2026-08-08 21:23,82.4,60.0
2026-08-08,23905728620,walking,2026-08-08 21:24,83.4,60.0
2026-08-08,23905728620,walking,2026-08-08 21:25,83.2,60.0
2026-08-08,23905728620,walking,2026-08-08 21:26,84.4,60.0
2026-08-08,23905728620,walking,2026-08-08 21:27,84.3,60.0
2026-08-08,23905728620,walking,2026-08-08 21:28,83.8,60.0
2026-08-08,23905728620,walking,2026-08-08 21:29,83.3,60.0
2026-08-08,23905728620,walking,2026-08-08 21:30,85.0,60.0
2026-08-08,23905728620,walking,2026-08-08 21:31,86.0,60.0
2026-08-08,23905728620,walking,2026-08-08 21:32,83.6,60.0
2026-08-08,23905728620,walking,2026-08-08 21:33,85.6,60.0
2026-08-08,23905728620,walking,2026-08-08 21:34,84.5,60.0
2026-08-08,23905728620,walking,2026-08-08 21:35,84.9,60.0
2026-08-08,23905728620,walking,2026-08-08 21:36,86.0,60.0
2026-08-08,23905728620,walking,2026-08-08 21:37,84.4,60.0
2026-08-08,23905728620,walking,2026-08-08 21:38,83.9,60.0
2026-08-08,23905728620,walking,2026-08-08 21:39,84.5,60.0
2026-08-08,23905728620,walking,2026-08-08 21:40,82.7,60.0
2026-08-08,23905728620,walking,2026-08-08 21:41,86.1,60.0
2026-08-08,23905728620,walking,2026-08-08 21:42,86.7,60.0
2026-08-08,23905728620,walking,2026-08-08 21:43,85.7,60.0
2026-08-08,23905728620,walking,2026-08-08 21:44,85.7,60.0
2026-08-08,23905728620,walking,2026-08-08 21:45,86.8,60.0
2026-08-08,23905728620,walking,2026-08-08 21:46,85.6,60.0
2026-08-08,23905728620,walking,2026-08-08 21:47,86.0,60.0
2026-08-08,23905728620,walking,2026-08-08 21:48,84.6,60.0
2026-08-08,23905728620,walking,2026-08-08 21:49,86.3,60.0
2026-08-08,23905728620,walking,2026-08-08 21:50,85.2,60.0
2026-08-08,23905728620,walking,2026-08-08 21:51,84.3,60.0
2026-08-08,23905728620,walking,2026-08-08 21:52,85.6,60.0
2026-08-08,23905728620,walking,2026-08-08 21:53,87.2,60.0
2026-08-08,23905728620,walking,2026-08-08 21:54,84.5,60.0
2026-08-08,23905728620,walking,2026-08-08 21:55,83.5,60.0
2026-08-08,23905728620,walking,2026-08-08 21:56,84.2,60.0
2026-08-08,23905728620,walking,2026-08-08 21:57,86.7,60.0
2026-08-08,23905728620,walking,2026-08-08 21:58,86.8,60.0
2026-08-08,23905728620,walking,2026-08-08 21:59,87.2,60.0
2026-08-08,23905728620,walking,2026-08-08 22:00,86.0,60.0
2026-08-08,23905728620,walking,2026-08-08 22:01,85.7,60.0
2026-08-08,23905728620,walking,2026-08-08 22:02,85.5,60.0
2026-08-08,23905728620,walking,2026-08-08 22:03,85.7,60.0
2026-08-08,23905728620,walking,2026-08-08 22:04,85.7,60.0
2026-08-08,23905728620,walking,2026-08-08 22:05,87.2,60.0
2026-08-08,23905728620,walking,2026-08-08 22:06,85.9,60.0
2026-08-08,23905728620,walking,2026-08-08 22:07,84.6,60.0
2026-08-08,23905728620,walking,2026-08-08 22:08,86.6,60.0
2026-08-08,23905728620,walking,2026-08-08 22:09,84.9,60.0
2026-08-08,23905728620,walking,2026-08-08 22:10,84.8,60.0
2026-08-08,23905728620,walking,2026-08-08 22:11,87.1,60.0
2026-08-08,23905728620,walking,2026-08-08 22:12,85.6,60.0
2026-08-08,23905728620,walking,2026-08-08 22:13,86.0,60.0
2026-08-08,23905728620,walking,2026-08-08 22:14,84.9,60.0
2026-08-08,23905728620,walking,2026-08-08 22:15,87.3,60.0
2026-08-08,23905728620,walking,2026-08-08 22:16,84.5,60.0
2026-08-08,23905728620,walking,2026-08-08 22:17,84.0,13.0
2026-08-09,23917913237,walking,2026-08-09 21:51,86.7,23.0
2026-08-09,23917913237,walking,2026-08-09 21:52,88.7,60.0
2026-08-09,23917913237,walking,2026-08-09 21:53,88.9,60.0
2026-08-09,23917913237,walking,2026-08-09 21:54,90.8,60.0
2026-08-09,23917913237,walking,2026-08-09 21:55,90.2,60.0
2026-08-09,23917913237,walking,2026-08-09 21:56,91.4,60.0
2026-08-09,23917913237,walking,2026-08-09 21:57,90.9,60.0
2026-08-09,23917913237,walking,2026-08-09 21:58,93.3,60.0
2026-08-09,23917913237,walking,2026-08-09 21:59,90.7,49.0
2026-08-09,23917913237,walking,2026-08-09 22:00,90.8,60.0
2026-08-09,23917913237,walking,2026-08-09 22:01,88.7,60.0
2026-08-09,23917913237,walking,2026-08-09 22:02,88.6,60.0
2026-08-09,23917913237,walking,2026-08-09 22:03,88.6,60.0
2026-08-09,23917913237,walking,2026-08-09 22:04,88.0,60.0
2026-08-09,23917913237,walking,2026-08-09 22:05,90.2,60.0
2026-08-09,23917913237,walking,2026-08-09 22:06,88.7,60.0
2026-08-09,23917913237,walking,2026-08-09 22:07,88.8,60.0
2026-08-09,23917913237,walking,2026-08-09 22:08,89.4,60.0
2026-08-09,23917913237,walking,2026-08-09 22:09,89.6,60.0
2026-08-09,23917913237,walking,2026-08-09 22:10,94.2,60.0
2026-08-09,23917913237,walking,2026-08-09 22:11,98.4,60.0
2026-08-09,23917913237,walking,2026-08-09 22:12,88.1,60.0
2026-08-09,23917913237,walking,2026-08-09 22:13,89.5,60.0
2026-08-09,23917913237,walking,2026-08-09 22:14,89.0,60.0
2026-08-09,23917913237,walking,2026-08-09 22:15,100.2,60.0
2026-08-09,23917913237,walking,2026-08-09 22:16,95.4,60.0
2026-08-09,23917913237,walking,2026-08-09 22:17,111.7,33.0
2026-08-09,23917913237,walking,2026-08-09 22:18,120.9,25.0
2026-08-09,23917913237,walking,2026-08-09 22:19,117.4,51.0
2026-08-09,23917913237,walking,2026-08-09 22:20,98.7,60.0
2026-08-09,23917913237,walking,2026-08-09 22:21,94.0,60.0
2026-08-09,23917913237,walking,2026-08-09 22:22,92.8,60.0
2026-08-09,23917913237,walking,2026-08-09 22:23,92.6,60.0
2026-08-09,23917913237,walking,2026-08-09 22:24,91.6,60.0
2026-08-09,23917913237,walking,2026-08-09 22:25,97.7,43.0
2026-08-09,23917913237,walking,2026-08-09 22:26,94.9,60.0
2026-08-09,23917913237,walking,2026-08-09 22:27,93.2,60.0
2026-08-09,23917913237,walking,2026-08-09 22:28,93.8,60.0
2026-08-09,23917913237,walking,2026-08-09 22:29,94.0,60.0
2026-08-09,23917913237,walking,2026-08-09 22:30,95.1,53.0
2026-08-09,23917913237,walking,2026-08-09 22:31,103.6,38.0
2026-08-09,23917913237,walking,2026-08-09 22:32,94.6,60.0
2026-08-09,23917913237,walking,2026-08-09 22:33,92.6,60.0
2026-08-09,23917913237,walking,2026-08-09 22:34,90.4,60.0
2026-08-09,23917913237,walking,2026-08-09 22:35,92.4,37.0
2026-08-09,23917913237,walking,2026-08-09 22:36,101.0,60.0
2026-08-09,23917913237,walking,2026-08-09 22:37,93.0,60.0
2026-08-09,23917913237,walking,2026-08-09 22:38,92.7,60.0
2026-08-09,23917913237,walking,2026-08-09 22:39,93.5,60.0
2026-08-09,23917913237,walking,2026-08-09 22:40,92.6,60.0
2026-08-09,23917913237,walking,2026-08-09 22:41,97.6,59.0
2026-08-09,23917913237,walking,2026-08-09 22:42,97.5,42.0
2026-08-09,23917913237,walking,2026-08-09 22:43,93.2,60.0
2026-08-09,23917913237,walking,2026-08-09 22:44,94.2,60.0
2026-08-09,23917913237,walking,2026-08-09 22:45,92.0,60.0
2026-08-09,23917913237,walking,2026-08-09 22:46,91.7,60.0
2026-08-09,23917913237,walking,2026-08-09 22:47,96.1,54.0
2026-08-09,23917913237,walking,2026-08-09 22:48,96.7,60.0
2026-08-09,23917913237,walking,2026-08-09 22:49,91.5,60.0
2026-08-09,23917913237,walking,2026-08-09 22:50,89.7,60.0
2026-08-09,23917913237,walking,2026-08-09 22:51,87.8,60.0
2026-08-09,23917913237,walking,2026-08-09 22:52,88.3,60.0
2026-08-09,23917913237,walking,2026-08-09 22:53,86.4,37.0
2026-08-10,23925931913,elliptical,2026-08-10 13:04,89.4,31.0
2026-08-10,23925931913,elliptical,2026-08-10 13:05,90.6,60.0
2026-08-10,23925931913,elliptical,2026-08-10 13:06,95.8,60.0
2026-08-10,23925931913,elliptical,2026-08-10 13:07,101.8,60.0
2026-08-10,23925931913,elliptical,2026-08-10 13:08,105.4,60.0
2026-08-10,23925931913,elliptical,2026-08-10 13:09,105.5,60.0
2026-08-10,23925931913,elliptical,2026-08-10 13:10,106.2,60.0
2026-08-10,23925931913,elliptical,2026-08-10 13:11,108.6,60.0
2026-08-10,23925931913,elliptical,2026-08-10 13:12,112.9,60.0
2026-08-10,23925931913,elliptical,2026-08-10 13:13,109.7,60.0
2026-08-10,23925931913,elliptical,2026-08-10 13:14,108.4,60.0
2026-08-10,23925931913,elliptical,2026-08-10 13:15,108.0,60.0
2026-08-10,23925931913,elliptical,2026-08-10 13:16,109.7,60.0
2026-08-10,23925931913,elliptical,2026-08-10 13:17,113.9,60.0
2026-08-10,23925931913,elliptical,2026-08-10 13:18,116.7,60.0
2026-08-10,23925931913,elliptical,2026-08-10 13:19,115.0,60.0
2026-08-10,23925931913,elliptical,2026-08-10 13:20,112.1,60.0
2026-08-10,23925931913,elliptical,2026-08-10 13:21,112.2,60.0
2026-08-10,23925931913,elliptical,2026-08-10 13:22,114.5,60.0
2026-08-10,23925931913,elliptical,2026-08-10 13:23,113.6,60.0
2026-08-10,23925931913,elliptical,2026-08-10 13:24,113.8,60.0
2026-08-10,23925931913,elliptical,2026-08-10 13:25,113.0,60.0
2026-08-10,23925931913,elliptical,2026-08-10 13:26,109.8,60.0
2026-08-10,23925931913,elliptical,2026-08-10 13:27,113.3,60.0
2026-08-10,23925931913,elliptical,2026-08-10 13:28,120.6,60.0
2026-08-10,23925931913,elliptical,2026-08-10 13:29,122.6,55.0
2026-08-10,23930362697,walking,2026-08-10 21:32,81.0,1.0
2026-08-10,23930362697,walking,2026-08-10 21:33,86.5,60.0
2026-08-10,23930362697,walking,2026-08-10 21:34,87.8,60.0
2026-08-10,23930362697,walking,2026-08-10 21:35,88.5,60.0
2026-08-10,23930362697,walking,2026-08-10 21:36,91.8,60.0
2026-08-10,23930362697,walking,2026-08-10 21:37,110.8,60.0
2026-08-10,23930362697,walking,2026-08-10 21:38,114.2,60.0
2026-08-10,23930362697,walking,2026-08-10 21:39,110.6,60.0
2026-08-10,23930362697,walking,2026-08-10 21:40,117.3,60.0
2026-08-10,23930362697,walking,2026-08-10 21:41,108.8,60.0
2026-08-10,23930362697,walking,2026-08-10 21:42,111.4,60.0
2026-08-10,23930362697,walking,2026-08-10 21:43,126.4,60.0
2026-08-10,23930362697,walking,2026-08-10 21:44,119.4,60.0
2026-08-10,23930362697,walking,2026-08-10 21:45,106.8,60.0
2026-08-10,23930362697,walking,2026-08-10 21:46,102.0,60.0
2026-08-10,23930362697,walking,2026-08-10 21:47,100.5,60.0
2026-08-10,23930362697,walking,2026-08-10 21:48,99.6,60.0
2026-08-10,23930362697,walking,2026-08-10 21:49,100.7,60.0
2026-08-10,23930362697,walking,2026-08-10 21:50,102.0,60.0
2026-08-10,23930362697,walking,2026-08-10 21:51,101.5,60.0
2026-08-10,23930362697,walking,2026-08-10 21:52,105.9,60.0
2026-08-10,23930362697,walking,2026-08-10 21:53,101.8,60.0
2026-08-10,23930362697,walking,2026-08-10 21:54,99.9,60.0
2026-08-10,23930362697,walking,2026-08-10 21:55,99.9,60.0
2026-08-10,23930362697,walking,2026-08-10 21:56,100.0,60.0
2026-08-10,23930362697,walking,2026-08-10 21:57,99.3,60.0
2026-08-10,23930362697,walking,2026-08-10 21:58,98.8,60.0
2026-08-10,23930362697,walking,2026-08-10 21:59,98.2,60.0
2026-08-10,23930362697,walking,2026-08-10 22:00,100.3,60.0
2026-08-10,23930362697,walking,2026-08-10 22:01,101.0,60.0
2026-08-10,23930362697,walking,2026-08-10 22:02,98.5,60.0
2026-08-10,23930362697,walking,2026-08-10 22:03,99.1,60.0
2026-08-10,23930362697,walking,2026-08-10 22:04,98.5,60.0
2026-08-10,23930362697,walking,2026-08-10 22:05,99.0,60.0
2026-08-10,23930362697,walking,2026-08-10 22:06,98.1,60.0
2026-08-10,23930362697,walking,2026-08-10 22:07,99.6,60.0
2026-08-10,23930362697,walking,2026-08-10 22:08,99.5,60.0
2026-08-10,23930362697,walking,2026-08-10 22:09,102.3,60.0
2026-08-10,23930362697,walking,2026-08-10 22:10,98.8,60.0
2026-08-10,23930362697,walking,2026-08-10 22:11,99.3,60.0
2026-08-10,23930362697,walking,2026-08-10 22:12,99.9,60.0
2026-08-10,23930362697,walking,2026-08-10 22:13,104.8,60.0
2026-08-10,23930362697,walking,2026-08-10 22:14,101.3,60.0
2026-08-10,23930362697,walking,2026-08-10 22:15,98.6,60.0
2026-08-10,23930362697,walking,2026-08-10 22:16,98.5,60.0
2026-08-10,23930362697,walking,2026-08-10 22:17,100.4,60.0
2026-08-10,23930362697,walking,2026-08-10 22:18,102.2,60.0
2026-08-10,23930362697,walking,2026-08-10 22:19,103.7,60.0
2026-08-10,23930362697,walking,2026-08-10 22:20,98.3,60.0
2026-08-10,23930362697,walking,2026-08-10 22:21,98.0,60.0
2026-08-10,23930362697,walking,2026-08-10 22:22,97.0,60.0
2026-08-10,23930362697,walking,2026-08-10 22:23,96.1,60.0
2026-08-10,23930362697,walking,2026-08-10 22:24,97.5,60.0
2026-08-10,23930362697,walking,2026-08-10 22:25,98.0,60.0
2026-08-10,23930362697,walking,2026-08-10 22:26,96.9,60.0
2026-08-10,23930362697,walking,2026-08-10 22:27,96.4,60.0
2026-08-10,23930362697,walking,2026-08-10 22:28,97.1,60.0
2026-08-10,23930362697,walking,2026-08-10 22:29,100.2,60.0
2026-08-10,23930362697,walking,2026-08-10 22:30,97.1,60.0
2026-08-10,23930362697,walking,2026-08-10 22:31,96.4,60.0
2026-08-10,23930362697,walking,2026-08-10 22:32,96.4,60.0
2026-08-10,23930362697,walking,2026-08-10 22:33,98.6,48.0
2026-08-11,23942001318,treadmill_running,2026-08-11 17:03,82.6,42.0
2026-08-11,23942001318,treadmill_running,2026-08-11 17:04,88.0,60.0
2026-08-11,23942001318,treadmill_running,2026-08-11 17:05,89.1,60.0
2026-08-11,23942001318,treadmill_running,2026-08-11 17:06,90.1,60.0
2026-08-11,23942001318,treadmill_running,2026-08-11 17:07,89.8,60.0
2026-08-11,23942001318,treadmill_running,2026-08-11 17:08,91.2,60.0
2026-08-11,23942001318,treadmill_running,2026-08-11 17:09,96.2,60.0
2026-08-11,23942001318,treadmill_running,2026-08-11 17:10,96.9,60.0
2026-08-11,23942001318,treadmill_running,2026-08-11 17:11,95.2,60.0
2026-08-11,23942001318,treadmill_running,2026-08-11 17:12,98.2,60.0
2026-08-11,23942001318,treadmill_running,2026-08-11 17:13,100.0,60.0
2026-08-11,23942001318,treadmill_running,2026-08-11 17:14,103.2,60.0
2026-08-11,23942001318,treadmill_running,2026-08-11 17:15,104.9,60.0
2026-08-11,23942001318,treadmill_running,2026-08-11 17:16,105.7,60.0
2026-08-11,23942001318,treadmill_running,2026-08-11 17:17,104.1,60.0
2026-08-11,23942001318,treadmill_running,2026-08-11 17:18,103.2,60.0
2026-08-11,23942001318,treadmill_running,2026-08-11 17:19,99.7,60.0
2026-08-11,23942001318,treadmill_running,2026-08-11 17:20,98.5,60.0
2026-08-11,23942001318,treadmill_running,2026-08-11 17:21,96.2,60.0
2026-08-11,23942001318,treadmill_running,2026-08-11 17:22,95.7,60.0
2026-08-11,23942001318,treadmill_running,2026-08-11 17:23,96.0,60.0
2026-08-11,23942001318,treadmill_running,2026-08-11 17:24,92.2,60.0
2026-08-11,23942001318,treadmill_running,2026-08-11 17:25,90.2,60.0
2026-08-11,23942001318,treadmill_running,2026-08-11 17:26,90.6,60.0
2026-08-11,23942001318,treadmill_running,2026-08-11 17:27,90.8,60.0
2026-08-11,23942001318,treadmill_running,2026-08-11 17:28,91.2,16.0
2026-08-11,23943963158,walking,2026-08-11 21:45,80.1,10.0
2026-08-11,23943963158,walking,2026-08-11 21:46,78.7,60.0
2026-08-11,23943963158,walking,2026-08-11 21:47,80.6,60.0
2026-08-11,23943963158,walking,2026-08-11 21:48,83.4,60.0
2026-08-11,23943963158,walking,2026-08-11 21:49,84.0,60.0
2026-08-11,23943963158,walking,2026-08-11 21:50,82.6,60.0
2026-08-11,23943963158,walking,2026-08-11 21:51,83.9,60.0
2026-08-11,23943963158,walking,2026-08-11 21:52,83.8,60.0
2026-08-11,23943963158,walking,2026-08-11 21:53,84.6,60.0
2026-08-11,23943963158,walking,2026-08-11 21:54,85.9,60.0
2026-08-11,23943963158,walking,2026-08-11 21:55,86.5,60.0
2026-08-11,23943963158,walking,2026-08-11 21:56,86.8,60.0
2026-08-11,23943963158,walking,2026-08-11 21:57,87.2,60.0
2026-08-11,23943963158,walking,2026-08-11 21:58,88.4,60.0
2026-08-11,23943963158,walking,2026-08-11 21:59,88.3,60.0
2026-08-11,23943963158,walking,2026-08-11 22:00,88.0,60.0
2026-08-11,23943963158,walking,2026-08-11 22:01,89.7,60.0
2026-08-11,23943963158,walking,2026-08-11 22:02,88.3,60.0
2026-08-11,23943963158,walking,2026-08-11 22:03,86.5,60.0
2026-08-11,23943963158,walking,2026-08-11 22:04,91.5,60.0
2026-08-11,23943963158,walking,2026-08-11 22:05,95.2,60.0
2026-08-11,23943963158,walking,2026-08-11 22:06,89.5,60.0
2026-08-11,23943963158,walking,2026-08-11 22:07,88.3,60.0
2026-08-11,23943963158,walking,2026-08-11 22:08,86.2,60.0
2026-08-11,23943963158,walking,2026-08-11 22:09,87.4,60.0
2026-08-11,23943963158,walking,2026-08-11 22:10,87.7,60.0
2026-08-11,23943963158,walking,2026-08-11 22:11,87.1,60.0
2026-08-11,23943963158,walking,2026-08-11 22:12,88.1,60.0
2026-08-11,23943963158,walking,2026-08-11 22:13,85.8,60.0
2026-08-11,23943963158,walking,2026-08-11 22:14,87.4,60.0
2026-08-11,23943963158,walking,2026-08-11 22:15,88.0,60.0
2026-08-11,23943963158,walking,2026-08-11 22:16,87.4,60.0
2026-08-11,23943963158,walking,2026-08-11 22:17,86.2,60.0
2026-08-11,23943963158,walking,2026-08-11 22:18,86.5,60.0
2026-08-11,23943963158,walking,2026-08-11 22:19,87.8,60.0
2026-08-11,23943963158,walking,2026-08-11 22:20,87.9,60.0
2026-08-11,23943963158,walking,2026-08-11 22:21,87.2,60.0
2026-08-11,23943963158,walking,2026-08-11 22:22,87.4,60.0
2026-08-11,23943963158,walking,2026-08-11 22:23,87.5,60.0
2026-08-11,23943963158,walking,2026-08-11 22:24,88.9,60.0
2026-08-11,23943963158,walking,2026-08-11 22:25,89.8,60.0
2026-08-11,23943963158,walking,2026-08-11 22:26,88.1,60.0
2026-08-11,23943963158,walking,2026-08-11 22:27,88.1,60.0
2026-08-11,23943963158,walking,2026-08-11 22:28,86.8,60.0
2026-08-11,23943963158,walking,2026-08-11 22:29,88.3,60.0
2026-08-11,23943963158,walking,2026-08-11 22:30,87.6,60.0
2026-08-11,23943963158,walking,2026-08-11 22:31,87.4,60.0
2026-08-11,23943963158,walking,2026-08-11 22:32,88.7,60.0
2026-08-11,23943963158,walking,2026-08-11 22:33,89.0,60.0
2026-08-11,23943963158,walking,2026-08-11 22:34,86.0,60.0
2026-08-11,23943963158,walking,2026-08-11 22:35,88.0,60.0
2026-08-11,23943963158,walking,2026-08-11 22:36,86.1,60.0
2026-08-11,23943963158,walking,2026-08-11 22:37,85.9,60.0
2026-08-11,23943963158,walking,2026-08-11 22:38,86.0,3.0
2026-08-12,23956874801,walking,2026-08-12 22:13,80.3,46.0
2026-08-12,23956874801,walking,2026-08-12 22:14,86.2,60.0
2026-08-12,23956874801,walking,2026-08-12 22:15,106.0,60.0
2026-08-12,23956874801,walking,2026-08-12 22:16,108.5,60.0
2026-08-12,23956874801,walking,2026-08-12 22:17,106.0,60.0
2026-08-12,23956874801,walking,2026-08-12 22:18,103.7,60.0
2026-08-12,23956874801,walking,2026-08-12 22:19,98.2,60.0
2026-08-12,23956874801,walking,2026-08-12 22:20,105.4,60.0
2026-08-12,23956874801,walking,2026-08-12 22:21,114.9,60.0
2026-08-12,23956874801,walking,2026-08-12 22:22,116.8,60.0
2026-08-12,23956874801,walking,2026-08-12 22:23,111.0,60.0
2026-08-12,23956874801,walking,2026-08-12 22:24,102.2,60.0
2026-08-12,23956874801,walking,2026-08-12 22:25,112.0,60.0
2026-08-12,23956874801,walking,2026-08-12 22:26,120.8,60.0
2026-08-12,23956874801,walking,2026-08-12 22:27,121.6,60.0
2026-08-12,23956874801,walking,2026-08-12 22:28,120.0,60.0
2026-08-12,23956874801,walking,2026-08-12 22:29,112.2,60.0
2026-08-12,23956874801,walking,2026-08-12 22:30,111.7,60.0
2026-08-12,23956874801,walking,2026-08-12 22:31,105.5,60.0
2026-08-12,23956874801,walking,2026-08-12 22:32,105.5,60.0
2026-08-12,23956874801,walking,2026-08-12 22:33,115.4,60.0
2026-08-12,23956874801,walking,2026-08-12 22:34,118.7,60.0
2026-08-12,23956874801,walking,2026-08-12 22:35,120.1,60.0
2026-08-12,23956874801,walking,2026-08-12 22:36,123.9,60.0
2026-08-12,23956874801,walking,2026-08-12 22:37,129.6,60.0
2026-08-12,23956874801,walking,2026-08-12 22:38,111.5,60.0
2026-08-12,23956874801,walking,2026-08-12 22:39,115.8,60.0
2026-08-12,23956874801,walking,2026-08-12 22:40,120.9,60.0
2026-08-12,23956874801,walking,2026-08-12 22:41,118.8,60.0
2026-08-12,23956874801,walking,2026-08-12 22:42,124.2,60.0
2026-08-12,23956874801,walking,2026-08-12 22:43,109.1,60.0
2026-08-12,23956874801,walking,2026-08-12 22:44,102.9,60.0
2026-08-12,23956874801,walking,2026-08-12 22:45,98.4,35.0
2026-08-13,23967461714,treadmill_running,2026-08-13 16:55,76.8,52.0
2026-08-13,23967461714,treadmill_running,2026-08-13 16:56,82.1,60.0
2026-08-13,23967461714,treadmill_running,2026-08-13 16:57,83.7,60.0
2026-08-13,23967461714,treadmill_running,2026-08-13 16:58,84.7,60.0
2026-08-13,23967461714,treadmill_running,2026-08-13 16:59,86.4,60.0
2026-08-13,23967461714,treadmill_running,2026-08-13 17:00,87.8,60.0
2026-08-13,23967461714,treadmill_running,2026-08-13 17:01,91.4,60.0
2026-08-13,23967461714,treadmill_running,2026-08-13 17:02,92.8,60.0
2026-08-13,23967461714,treadmill_running,2026-08-13 17:03,93.8,60.0
2026-08-13,23967461714,treadmill_running,2026-08-13 17:04,95.0,60.0
2026-08-13,23967461714,treadmill_running,2026-08-13 17:05,100.6,60.0
2026-08-13,23967461714,treadmill_running,2026-08-13 17:06,102.7,60.0
2026-08-13,23967461714,treadmill_running,2026-08-13 17:07,104.2,60.0
2026-08-13,23967461714,treadmill_running,2026-08-13 17:08,101.7,60.0
2026-08-13,23967461714,treadmill_running,2026-08-13 17:09,102.3,60.0
2026-08-13,23967461714,treadmill_running,2026-08-13 17:10,104.9,60.0
2026-08-13,23967461714,treadmill_running,2026-08-13 17:11,110.1,60.0
2026-08-13,23967461714,treadmill_running,2026-08-13 17:12,110.5,60.0
2026-08-13,23967461714,treadmill_running,2026-08-13 17:13,112.0,60.0
2026-08-13,23967461714,treadmill_running,2026-08-13 17:14,111.0,60.0
2026-08-13,23967461714,treadmill_running,2026-08-13 17:15,112.7,60.0
2026-08-13,23967461714,treadmill_running,2026-08-13 17:16,109.6,60.0
2026-08-13,23967461714,treadmill_running,2026-08-13 17:17,112.4,60.0
2026-08-13,23967461714,treadmill_running,2026-08-13 17:18,111.9,60.0
2026-08-13,23967461714,treadmill_running,2026-08-13 17:19,111.1,60.0
2026-08-13,23967461714,treadmill_running,2026-08-13 17:20,112.3,60.0
2026-08-13,23967461714,treadmill_running,2026-08-13 17:21,110.9,60.0
2026-08-13,23967461714,treadmill_running,2026-08-13 17:22,109.5,60.0
2026-08-13,23967461714,treadmill_running,2026-08-13 17:23,109.0,60.0
2026-08-13,23967461714,treadmill_running,2026-08-13 17:24,106.3,60.0
2026-08-13,23967461714,treadmill_running,2026-08-13 17:25,106.8,60.0
2026-08-13,23967461714,treadmill_running,2026-08-13 17:26,103.3,60.0
2026-08-13,23967461714,treadmill_running,2026-08-13 17:27,101.2,60.0
2026-08-13,23967461714,treadmill_running,2026-08-13 17:28,102.8,60.0
2026-08-13,23967461714,treadmill_running,2026-08-13 17:29,100.6,60.0
2026-08-13,23967461714,treadmill_running,2026-08-13 17:30,100.6,60.0
2026-08-13,23967461714,treadmill_running,2026-08-13 17:31,96.2,60.0
2026-08-13,23967461714,treadmill_running,2026-08-13 17:32,97.5,60.0
2026-08-13,23967461714,treadmill_running,2026-08-13 17:33,94.6,60.0
2026-08-13,23967461714,treadmill_running,2026-08-13 17:34,92.5,60.0
2026-08-13,23967461714,treadmill_running,2026-08-13 17:35,92.0,9.0
2026-08-14,23979087800,treadmill_running,2026-08-14 16:57,87.6,40.0
2026-08-14,23979087800,treadmill_running,2026-08-14 16:58,83.0,60.0
2026-08-14,23979087800,treadmill_running,2026-08-14 16:59,95.5,60.0
2026-08-14,23979087800,treadmill_running,2026-08-14 17:00,96.1,60.0
2026-08-14,23979087800,treadmill_running,2026-08-14 17:01,96.6,60.0
2026-08-14,23979087800,treadmill_running,2026-08-14 17:02,98.0,60.0
2026-08-14,23979087800,treadmill_running,2026-08-14 17:03,102.8,60.0
2026-08-14,23979087800,treadmill_running,2026-08-14 17:04,102.2,60.0
2026-08-14,23979087800,treadmill_running,2026-08-14 17:05,104.9,60.0
2026-08-14,23979087800,treadmill_running,2026-08-14 17:06,105.8,60.0
2026-08-14,23979087800,treadmill_running,2026-08-14 17:07,105.8,60.0
2026-08-14,23979087800,treadmill_running,2026-08-14 17:08,110.5,60.0
2026-08-14,23979087800,treadmill_running,2026-08-14 17:09,112.3,60.0
2026-08-14,23979087800,treadmill_running,2026-08-14 17:10,113.6,60.0
2026-08-14,23979087800,treadmill_running,2026-08-14 17:11,113.0,60.0
2026-08-14,23979087800,treadmill_running,2026-08-14 17:12,114.2,60.0
2026-08-14,23979087800,treadmill_running,2026-08-14 17:13,118.5,60.0
2026-08-14,23979087800,treadmill_running,2026-08-14 17:14,122.7,60.0
2026-08-14,23979087800,treadmill_running,2026-08-14 17:15,123.1,60.0
2026-08-14,23979087800,treadmill_running,2026-08-14 17:16,126.1,60.0
2026-08-14,23979087800,treadmill_running,2026-08-14 17:17,123.9,60.0
2026-08-14,23979087800,treadmill_running,2026-08-14 17:18,120.0,60.0
2026-08-14,23979087800,treadmill_running,2026-08-14 17:19,117.8,60.0
2026-08-14,23979087800,treadmill_running,2026-08-14 17:20,116.1,60.0
2026-08-14,23979087800,treadmill_running,2026-08-14 17:21,115.8,60.0
2026-08-14,23979087800,treadmill_running,2026-08-14 17:22,117.1,60.0
2026-08-14,23979087800,treadmill_running,2026-08-14 17:23,112.2,60.0
2026-08-14,23979087800,treadmill_running,2026-08-14 17:24,109.6,60.0
2026-08-14,23979087800,treadmill_running,2026-08-14 17:25,111.0,60.0
2026-08-14,23979087800,treadmill_running,2026-08-14 17:26,110.1,60.0
2026-08-14,23979087800,treadmill_running,2026-08-14 17:27,110.0,60.0
2026-08-14,23979087800,treadmill_running,2026-08-14 17:28,105.6,60.0
2026-08-14,23979087800,treadmill_running,2026-08-14 17:29,104.6,60.0
2026-08-14,23979087800,treadmill_running,2026-08-14 17:30,104.4,60.0
2026-08-14,23979087800,treadmill_running,2026-08-14 17:31,104.2,60.0
2026-08-14,23979087800,treadmill_running,2026-08-14 17:32,103.0,60.0
2026-08-14,23979087800,treadmill_running,2026-08-14 17:33,99.1,60.0
2026-08-14,23979087800,treadmill_running,2026-08-14 17:34,96.4,60.0
2026-08-14,23979087800,treadmill_running,2026-08-14 17:35,95.4,60.0
2026-08-14,23979087800,treadmill_running,2026-08-14 17:36,96.6,60.0
2026-08-14,23979087800,treadmill_running,2026-08-14 17:37,100.5,21.0
2026-08-14,23980844191,walking,2026-08-14 22:24,85.2,44.0
2026-08-14,23980844191,walking,2026-08-14 22:25,85.3,60.0
2026-08-14,23980844191,walking,2026-08-14 22:26,86.7,60.0
2026-08-14,23980844191,walking,2026-08-14 22:27,86.9,60.0
2026-08-14,23980844191,walking,2026-08-14 22:28,87.5,60.0
2026-08-14,23980844191,walking,2026-08-14 22:29,86.6,60.0
2026-08-14,23980844191,walking,2026-08-14 22:30,87.0,60.0
2026-08-14,23980844191,walking,2026-08-14 22:31,87.8,60.0
2026-08-14,23980844191,walking,2026-08-14 22:32,87.7,60.0
2026-08-14,23980844191,walking,2026-08-14 22:33,87.6,60.0
2026-08-14,23980844191,walking,2026-08-14 22:34,87.1,60.0
2026-08-14,23980844191,walking,2026-08-14 22:35,86.9,60.0
2026-08-14,23980844191,walking,2026-08-14 22:36,87.4,60.0
2026-08-14,23980844191,walking,2026-08-14 22:37,89.1,60.0
2026-08-14,23980844191,walking,2026-08-14 22:38,88.1,60.0
2026-08-14,23980844191,walking,2026-08-14 22:39,87.1,60.0
2026-08-14,23980844191,walking,2026-08-14 22:40,88.1,60.0
2026-08-14,23980844191,walking,2026-08-14 22:41,86.6,60.0
2026-08-14,23980844191,walking,2026-08-14 22:42,86.2,48.0
2026-08-14,23980844191,walking,2026-08-14 22:43,86.9,60.0
2026-08-14,23980844191,walking,2026-08-14 22:44,87.4,60.0
2026-08-14,23980844191,walking,2026-08-14 22:45,87.5,60.0
2026-08-14,23980844191,walking,2026-08-14 22:46,87.8,60.0
2026-08-14,23980844191,walking,2026-08-14 22:47,86.6,60.0
2026-08-14,23980844191,walking,2026-08-14 22:48,87.5,60.0
2026-08-14,23980844191,walking,2026-08-14 22:49,86.7,60.0
2026-08-14,23980844191,walking,2026-08-14 22:50,87.9,60.0
2026-08-14,23980844191,walking,2026-08-14 22:51,88.2,60.0
2026-08-14,23980844191,walking,2026-08-14 22:52,86.8,60.0
2026-08-14,23980844191,walking,2026-08-14 22:53,87.0,60.0
2026-08-14,23980844191,walking,2026-08-14 22:54,86.2,60.0
2026-08-14,23980844191,walking,2026-08-14 22:55,87.6,60.0
2026-08-14,23980844191,walking,2026-08-14 22:56,88.0,60.0
2026-08-14,23980844191,walking,2026-08-14 22:57,86.5,37.0
2026-08-16,23999760455,treadmill_running,2026-08-16 09:55,75.0,51.0
2026-08-16,23999760455,treadmill_running,2026-08-16 09:56,80.0,60.0
2026-08-16,23999760455,treadmill_running,2026-08-16 09:57,80.6,60.0
2026-08-16,23999760455,treadmill_running,2026-08-16 09:58,82.3,60.0
2026-08-16,23999760455,treadmill_running,2026-08-16 09:59,81.7,60.0
2026-08-16,23999760455,treadmill_running,2026-08-16 10:00,86.2,60.0
2026-08-16,23999760455,treadmill_running,2026-08-16 10:01,89.5,60.0
2026-08-16,23999760455,treadmill_running,2026-08-16 10:02,91.4,60.0
2026-08-16,23999760455,treadmill_running,2026-08-16 10:03,90.5,60.0
2026-08-16,23999760455,treadmill_running,2026-08-16 10:04,89.4,60.0
2026-08-16,23999760455,treadmill_running,2026-08-16 10:05,87.5,60.0
2026-08-16,23999760455,treadmill_running,2026-08-16 10:06,83.7,60.0
2026-08-16,23999760455,treadmill_running,2026-08-16 10:07,82.7,60.0
2026-08-16,23999760455,treadmill_running,2026-08-16 10:08,81.6,60.0
2026-08-16,23999760455,treadmill_running,2026-08-16 10:09,82.4,60.0
2026-08-16,23999760455,treadmill_running,2026-08-16 10:10,81.6,60.0
2026-08-16,23999760455,treadmill_running,2026-08-16 10:11,81.6,60.0
2026-08-16,23999760455,treadmill_running,2026-08-16 10:12,82.3,60.0
2026-08-16,23999760455,treadmill_running,2026-08-16 10:13,80.9,60.0
2026-08-16,23999760455,treadmill_running,2026-08-16 10:14,84.1,60.0
2026-08-16,23999760455,treadmill_running,2026-08-16 10:15,83.2,60.0
2026-08-16,23999760455,treadmill_running,2026-08-16 10:16,82.4,60.0
2026-08-16,23999760455,treadmill_running,2026-08-16 10:17,81.7,60.0
2026-08-16,23999760455,treadmill_running,2026-08-16 10:18,80.6,60.0
2026-08-16,23999760455,treadmill_running,2026-08-16 10:19,82.3,60.0
2026-08-16,23999760455,treadmill_running,2026-08-16 10:20,81.1,60.0
2026-08-16,23999760455,treadmill_running,2026-08-16 10:21,83.0,60.0
2026-08-16,23999760455,treadmill_running,2026-08-16 10:22,82.6,60.0
2026-08-16,23999760455,treadmill_running,2026-08-16 10:23,81.9,60.0
2026-08-16,23999760455,treadmill_running,2026-08-16 10:24,81.8,60.0
2026-08-16,23999760455,treadmill_running,2026-08-16 10:25,82.1,60.0
2026-08-16,23999760455,treadmill_running,2026-08-16 10:26,82.2,60.0
2026-08-16,23999760455,treadmill_running,2026-08-16 10:27,82.7,60.0
2026-08-16,23999760455,treadmill_running,2026-08-16 10:28,83.4,60.0
2026-08-16,23999760455,treadmill_running,2026-08-16 10:29,82.9,60.0
2026-08-16,23999760455,treadmill_running,2026-08-16 10:30,84.3,60.0
2026-08-16,23999760455,treadmill_running,2026-08-16 10:31,81.0,60.0
2026-08-16,23999760455,treadmill_running,2026-08-16 10:32,82.9,60.0
2026-08-16,23999760455,treadmill_running,2026-08-16 10:33,82.6,60.0
2026-08-16,23999760455,treadmill_running,2026-08-16 10:34,82.6,60.0
2026-08-16,23999760455,treadmill_running,2026-08-16 10:35,82.7,60.0
2026-08-16,23999760455,treadmill_running,2026-08-16 10:36,82.6,60.0
2026-08-16,23999760455,treadmill_running,2026-08-16 10:37,81.8,60.0
2026-08-16,23999760455,treadmill_running,2026-08-16 10:38,82.2,60.0
2026-08-16,23999760455,treadmill_running,2026-08-16 10:39,83.4,60.0
2026-08-16,23999760455,treadmill_running,2026-08-16 10:40,84.3,11.0
2026-08-17,24015814175,indoor_cycling,2026-08-17 18:03,69.8,11.0
2026-08-17,24015814175,indoor_cycling,2026-08-17 18:04,73.5,60.0
2026-08-17,24015814175,indoor_cycling,2026-08-17 18:05,86.8,60.0
2026-08-17,24015814175,indoor_cycling,2026-08-17 18:06,95.3,60.0
2026-08-17,24015814175,indoor_cycling,2026-08-17 18:07,95.2,60.0
2026-08-17,24015814175,indoor_cycling,2026-08-17 18:08,96.2,50.0
2026-08-17,24015814175,indoor_cycling,2026-08-17 18:09,104.7,60.0
2026-08-17,24015814175,indoor_cycling,2026-08-17 18:10,103.8,60.0
2026-08-17,24015814175,indoor_cycling,2026-08-17 18:11,104.7,60.0
2026-08-17,24015814175,indoor_cycling,2026-08-17 18:12,102.9,60.0
2026-08-17,24015814175,indoor_cycling,2026-08-17 18:13,102.6,60.0
2026-08-17,24015814175,indoor_cycling,2026-08-17 18:14,92.2,60.0
2026-08-17,24015814175,indoor_cycling,2026-08-17 18:15,90.2,60.0
2026-08-17,24015814175,indoor_cycling,2026-08-17 18:16,88.5,60.0
2026-08-17,24015814175,indoor_cycling,2026-08-17 18:17,88.5,57.0
2026-08-17,24015814175,indoor_cycling,2026-08-17 18:18,88.6,60.0
2026-08-17,24015814175,indoor_cycling,2026-08-17 18:19,97.1,60.0
2026-08-17,24015814175,indoor_cycling,2026-08-17 18:20,102.9,60.0
2026-08-17,24015814175,indoor_cycling,2026-08-17 18:21,106.4,44.0
2026-08-17,24015814175,indoor_cycling,2026-08-17 18:22,107.6,60.0
2026-08-17,24015814175,indoor_cycling,2026-08-17 18:23,104.7,60.0
2026-08-17,24015814175,indoor_cycling,2026-08-17 18:24,102.0,60.0
2026-08-17,24015814175,indoor_cycling,2026-08-17 18:25,96.0,60.0
2026-08-17,24015814175,indoor_cycling,2026-08-17 18:26,94.4,60.0
2026-08-17,24015814175,indoor_cycling,2026-08-17 18:27,93.2,60.0
2026-08-17,24015814175,indoor_cycling,2026-08-17 18:28,93.2,60.0
2026-08-17,24015814175,indoor_cycling,2026-08-17 18:29,100.0,60.0
2026-08-17,24015814175,indoor_cycling,2026-08-17 18:30,108.3,60.0
2026-08-17,24015814175,indoor_cycling,2026-08-17 18:31,107.9,60.0
2026-08-17,24015814175,indoor_cycling,2026-08-17 18:32,106.5,60.0
2026-08-17,24015814175,indoor_cycling,2026-08-17 18:33,106.4,52.0
2026-08-17,24017658584,walking,2026-08-17 23:22,84.1,19.0
2026-08-17,24017658584,walking,2026-08-17 23:23,83.2,60.0
2026-08-17,24017658584,walking,2026-08-17 23:24,82.4,60.0
2026-08-17,24017658584,walking,2026-08-17 23:25,81.1,60.0
2026-08-17,24017658584,walking,2026-08-17 23:26,82.2,60.0
2026-08-17,24017658584,walking,2026-08-17 23:27,82.2,60.0
2026-08-17,24017658584,walking,2026-08-17 23:28,83.7,60.0
2026-08-17,24017658584,walking,2026-08-17 23:29,81.2,60.0
2026-08-17,24017658584,walking,2026-08-17 23:30,82.7,60.0
2026-08-17,24017658584,walking,2026-08-17 23:31,85.7,60.0
2026-08-17,24017658584,walking,2026-08-17 23:32,85.2,60.0
2026-08-17,24017658584,walking,2026-08-17 23:33,85.9,60.0
2026-08-17,24017658584,walking,2026-08-17 23:34,85.3,60.0
2026-08-17,24017658584,walking,2026-08-17 23:35,82.5,60.0
2026-08-17,24017658584,walking,2026-08-17 23:36,84.7,60.0
2026-08-17,24017658584,walking,2026-08-17 23:37,82.6,60.0
2026-08-17,24017658584,walking,2026-08-17 23:38,85.1,60.0
2026-08-17,24017658584,walking,2026-08-17 23:39,83.4,60.0
2026-08-17,24017658584,walking,2026-08-17 23:40,84.1,60.0
2026-08-17,24017658584,walking,2026-08-17 23:41,85.9,60.0
2026-08-17,24017658584,walking,2026-08-17 23:42,87.4,60.0
2026-08-17,24017658584,walking,2026-08-17 23:43,87.3,60.0
2026-08-17,24017658584,walking,2026-08-17 23:44,86.3,60.0
2026-08-17,24017658584,walking,2026-08-17 23:45,84.2,60.0
2026-08-17,24017658584,walking,2026-08-17 23:46,86.7,60.0
2026-08-17,24017658584,walking,2026-08-17 23:47,86.5,60.0
2026-08-17,24017658584,walking,2026-08-17 23:48,87.6,60.0
2026-08-17,24017658584,walking,2026-08-17 23:49,86.9,60.0
2026-08-17,24017658584,walking,2026-08-17 23:50,87.0,60.0
2026-08-17,24017658584,walking,2026-08-17 23:51,87.8,60.0
2026-08-17,24017658584,walking,2026-08-17 23:52,87.1,60.0
2026-08-17,24017658584,walking,2026-08-17 23:53,87.5,60.0
2026-08-17,24017658584,walking,2026-08-17 23:54,84.9,60.0
2026-08-17,24017658584,walking,2026-08-17 23:55,85.4,60.0
2026-08-17,24017658584,walking,2026-08-17 23:56,85.7,60.0
2026-08-17,24017658584,walking,2026-08-17 23:57,85.0,60.0
2026-08-17,24017658584,walking,2026-08-17 23:58,85.7,60.0
2026-08-17,24017658584,walking,2026-08-17 23:59,85.1,60.0
2026-08-18,24017658584,walking,2026-08-18 00:00,85.1,60.0
2026-08-18,24017658584,walking,2026-08-18 00:01,84.0,60.0
2026-08-18,24017658584,walking,2026-08-18 00:02,84.7,60.0
2026-08-18,24017658584,walking,2026-08-18 00:03,84.9,60.0
2026-08-18,24017658584,walking,2026-08-18 00:04,82.1,60.0
2026-08-18,24017658584,walking,2026-08-18 00:05,84.0,60.0
2026-08-18,24017658584,walking,2026-08-18 00:06,82.7,60.0
2026-08-18,24017658584,walking,2026-08-18 00:07,84.2,60.0
2026-08-18,24017658584,walking,2026-08-18 00:08,85.5,60.0
2026-08-18,24017658584,walking,2026-08-18 00:09,84.4,60.0
2026-08-18,24017658584,walking,2026-08-18 00:10,86.3,60.0
2026-08-18,24017658584,walking,2026-08-18 00:11,86.8,60.0
2026-08-18,24017658584,walking,2026-08-18 00:12,85.8,60.0
2026-08-18,24017658584,walking,2026-08-18 00:13,86.4,60.0
2026-08-18,24017658584,walking,2026-08-18 00:14,86.0,60.0
2026-08-18,24017658584,walking,2026-08-18 00:15,85.9,60.0
2026-08-18,24017658584,walking,2026-08-18 00:16,84.8,60.0
2026-08-18,24017658584,walking,2026-08-18 00:17,84.0,9.0
2026-08-18,24027271633,treadmill_running,2026-08-18 14:06,77.6,44.0
2026-08-18,24027271633,treadmill_running,2026-08-18 14:07,78.5,60.0
2026-08-18,24027271633,treadmill_running,2026-08-18 14:08,78.0,60.0
2026-08-18,24027271633,treadmill_running,2026-08-18 14:09,79.2,60.0
2026-08-18,24027271633,treadmill_running,2026-08-18 14:10,80.3,60.0
2026-08-18,24027271633,treadmill_running,2026-08-18 14:11,93.0,60.0
2026-08-18,24027271633,treadmill_running,2026-08-18 14:12,113.8,60.0
2026-08-18,24027271633,treadmill_running,2026-08-18 14:13,117.9,60.0
2026-08-18,24027271633,treadmill_running,2026-08-18 14:14,119.8,60.0
2026-08-18,24027271633,treadmill_running,2026-08-18 14:15,121.2,60.0
2026-08-18,24027271633,treadmill_running,2026-08-18 14:16,125.0,60.0
2026-08-18,24027271633,treadmill_running,2026-08-18 14:17,121.6,60.0
2026-08-18,24027271633,treadmill_running,2026-08-18 14:18,120.7,60.0
2026-08-18,24027271633,treadmill_running,2026-08-18 14:19,121.7,60.0
2026-08-18,24027271633,treadmill_running,2026-08-18 14:20,121.2,60.0
2026-08-18,24027271633,treadmill_running,2026-08-18 14:21,121.2,60.0
2026-08-18,24027271633,treadmill_running,2026-08-18 14:22,119.0,60.0
2026-08-18,24027271633,treadmill_running,2026-08-18 14:23,118.6,60.0
2026-08-18,24027271633,treadmill_running,2026-08-18 14:24,119.2,60.0
2026-08-18,24027271633,treadmill_running,2026-08-18 14:25,119.3,60.0
2026-08-18,24027271633,treadmill_running,2026-08-18 14:26,113.0,60.0
2026-08-18,24027271633,treadmill_running,2026-08-18 14:27,96.4,60.0
2026-08-18,24027271633,treadmill_running,2026-08-18 14:28,94.1,60.0
2026-08-18,24027271633,treadmill_running,2026-08-18 14:29,92.4,60.0
2026-08-18,24027271633,treadmill_running,2026-08-18 14:30,92.4,60.0
2026-08-18,24027271633,treadmill_running,2026-08-18 14:31,96.3,60.0
2026-08-18,24027271633,treadmill_running,2026-08-18 14:32,114.6,60.0
2026-08-18,24027271633,treadmill_running,2026-08-18 14:33,126.0,60.0
2026-08-18,24027271633,treadmill_running,2026-08-18 14:34,128.0,60.0
2026-08-18,24027271633,treadmill_running,2026-08-18 14:35,129.3,60.0
2026-08-18,24027271633,treadmill_running,2026-08-18 14:36,128.2,60.0
2026-08-18,24027271633,treadmill_running,2026-08-18 14:37,127.0,60.0
2026-08-18,24027271633,treadmill_running,2026-08-18 14:38,122.1,60.0
2026-08-18,24027271633,treadmill_running,2026-08-18 14:39,121.9,60.0
2026-08-18,24027271633,treadmill_running,2026-08-18 14:40,123.2,60.0
2026-08-18,24027271633,treadmill_running,2026-08-18 14:41,124.8,60.0
2026-08-18,24027271633,treadmill_running,2026-08-18 14:42,120.8,60.0
2026-08-18,24027271633,treadmill_running,2026-08-18 14:43,121.2,60.0
2026-08-18,24027271633,treadmill_running,2026-08-18 14:44,119.5,60.0
2026-08-18,24027271633,treadmill_running,2026-08-18 14:45,121.8,60.0
2026-08-18,24027271633,treadmill_running,2026-08-18 14:46,116.3,60.0
2026-08-18,24027271633,treadmill_running,2026-08-18 14:47,100.4,60.0
2026-08-18,24027271633,treadmill_running,2026-08-18 14:48,98.5,60.0
2026-08-18,24027271633,treadmill_running,2026-08-18 14:49,94.1,17.0
